timestamp,agent,model,model_tier,input_tokens,output_tokens,cost_usd,duration_seconds,success,task_id,correlation_id
2025-10-01T02:38:46.388877,WorkCompletionSummaryAgent,claude-sonnet-4.5,cloud_premium,1180,230,0.00935,4.500964173337643,True,task-create-tool,corr-20
2025-10-01T01:58:41.624334,TestGeneratorAgent,claude-haiku-3.5,cloud_mini,984,376,0.00037319999999999996,3.6642423169663028,True,task-quality-check,corr-11
2025-10-01T01:47:28.782839,QualityEnforcerAgent,gpt-5-mini,cloud_mini,218,286,0.00020429999999999998,1.7336991167942393,True,task-create-tool,corr-4
2025-10-01T01:10:49.120813,WorkCompletionSummaryAgent,gpt-5,cloud_premium,1750,998,0.023719999999999998,4.527363927637853,False,task-quality-check,corr-0
2025-09-30T23:56:44.432323,QualityEnforcerAgent,claude-haiku-3.5,cloud_mini,964,166,0.00024419999999999997,1.2959558067904942,True,task-summarize,corr-21
2025-09-30T22:08:46.075112,ARCHITECT,claude-haiku-3.5,cloud_mini,791,168,0.00021945,1.9404767634066866,True,task-merge-pr,corr-27
2025-09-30T21:44:43.446176,ARCHITECT,gpt-5,cloud_premium,1076,365,0.010855,3.9404111269223776,True,task-summarize,corr-8
2025-09-30T20:51:27.580385,ToolsmithAgent,gpt-5,cloud_premium,2950,1016,0.029990000000000003,4.990548562164953,True,task-summarize,corr-6
2025-09-30T18:30:24.079499,AgencyCodeAgent,claude-sonnet-4.5,cloud_premium,2517,584,0.021344999999999996,1.7178082060450732,True,task-write-tests,corr-19
2025-09-30T17:42:08.050668,QualityEnforcerAgent,claude-sonnet-4.5,cloud_premium,2769,1176,0.031485,1.2028025668470446,True,task-quality-check,corr-23
2025-09-30T17:41:28.343851,TestGeneratorAgent,gpt-5,cloud_premium,1567,1225,0.026209999999999997,4.751918111029747,True,task-implement-feature,corr-18
2025-09-30T17:01:03.533705,AgencyCodeAgent,gpt-5,cloud_premium,1027,1164,0.022595,1.377723953780328,True,task-create-tool,corr-2
2025-09-30T16:19:53.172324,WorkCompletionSummaryAgent,claude-haiku-3.5,cloud_mini,510,407,0.00032069999999999993,4.0075854318713855,True,task-merge-pr,corr-16
2025-09-30T15:20:49.071666,ARCHITECT,claude-haiku-3.5,cloud_mini,554,235,0.00022409999999999997,3.433442765040567,True,task-create-tool,corr-25
2025-09-30T13:58:35.139430,WITNESS,gpt-5,cloud_premium,1789,614,0.018154999999999998,4.9528662329304645,True,task-write-tests,corr-10
2025-09-30T13:40:47.660633,ARCHITECT,claude-haiku-3.5,cloud_mini,936,272,0.0003036,1.690197386276084,True,task-implement-feature,corr-5
2025-09-30T12:32:47.298784,ARCHITECT,gpt-5,cloud_premium,2767,1045,0.029509999999999998,4.786544638707509,True,task-quality-check,corr-24
2025-09-30T10:16:46.070777,ToolsmithAgent,gpt-5,cloud_premium,1632,319,0.012944999999999998,3.6608587742414,True,task-quality-check,corr-13
2025-09-30T10:04:16.626711,TestGeneratorAgent,gpt-5-mini,cloud_mini,551,285,0.00025365,1.5860752037860242,True,task-write-tests,corr-15
2025-09-30T09:29:35.440792,MergerAgent,gpt-5-mini,cloud_mini,422,278,0.00023009999999999998,2.8702694385360106,True,task-write-tests,corr-29
2025-09-30T07:54:46.843690,ARCHITECT,gpt-5-mini,cloud_mini,455,481,0.00035685,2.7293806427408343,True,task-merge-pr,corr-22
2025-09-30T07:48:09.476619,TestGeneratorAgent,gpt-5-mini,cloud_mini,226,376,0.00025949999999999997,2.2351228589283254,True,task-quality-check,corr-17
2025-09-30T07:03:23.385418,AgencyCodeAgent,claude-haiku-3.5,cloud_mini,988,141,0.00023279999999999997,3.6614303227642244,True,task-write-tests,corr-26
2025-09-30T06:41:54.582188,QualityEnforcerAgent,claude-sonnet-4.5,cloud_premium,2358,1210,0.02994,2.6663501438527457,True,task-merge-pr,corr-1
2025-09-30T06:25:40.424907,WorkCompletionSummaryAgent,claude-sonnet-4.5,cloud_premium,1383,1328,0.026835,2.1285283680245204,True,task-quality-check,corr-28
2025-09-30T05:30:46.804905,ARCHITECT,gpt-5-mini,cloud_mini,695,394,0.00034064999999999996,3.386400676127337,True,task-quality-check,corr-14
2025-09-30T05:24:40.281048,TestGeneratorAgent,claude-sonnet-4.5,cloud_premium,2338,1089,0.028025,1.9057068105410955,True,task-summarize,corr-3
2025-09-30T04:53:28.023080,MergerAgent,claude-sonnet-4.5,cloud_premium,2932,893,0.028054999999999997,2.9156232977860603,True,task-write-tests,corr-12
2025-09-30T04:38:49.765656,EXECUTOR,gpt-5-mini,cloud_mini,917,242,0.00028274999999999996,2.3199201946621164,True,task-implement-feature,corr-9
2025-09-30T03:40:54.366543,WITNESS,gpt-5-mini,cloud_mini,867,151,0.00022064999999999997,1.9906909993969686,True,task-merge-pr,corr-7
